{"schemaVersion":"1.0","appDefinitionTemplate":{"id":"/providers/Microsoft.PowerApps/apps/","type":"Microsoft.PowerApps/apps","tags":{"primaryDeviceWidth":"1366","primaryDeviceHeight":"768","supportsPortrait":"true","supportsLandscape":"true","primaryFormFactor":"Tablet","publisherVersion":"3.22111.19","minimumRequiredApiVersion":"2.2.0","hasComponent":"true","hasUnlockedComponent":"false","isUnifiedRootApp":"false","sienaVersion":"20221121T145528Z-3.22111.19.0"},"properties":{"appVersion":"2022-11-21T14:55:28Z","lifeCycleId":"Published","createdByClientVersion":{"major":3,"minor":22111,"build":19,"revision":0,"majorRevision":0,"minorRevision":0},"minClientVersion":{"major":3,"minor":22111,"build":19,"revision":0,"majorRevision":0,"minorRevision":0},"backgroundColor":"RGBA(0,176,240,1)","backgroundImageUri":"/15634151517403330091/Nff99920f-d9ac-4e3f-925c-6ae68d894544-logoSmallFile","displayName":"GameCatalog","description":"","commitMessage":"","appUris":{"documentUri":{"value":"/15634151517403330091/N626d9afa-5465-4132-9977-c6a83b357236-document.msapp"},"imageUris":[],"additionalUris":[]},"createdTime":"0001-01-01T00:00:00Z","lastModifiedTime":"0001-01-01T00:00:00Z","sharedGroupsCount":0,"sharedUsersCount":0,"icons":{"smallIconUri":"/15634151517403330091/N56d37e6a-e242-453b-8e06-6aa11af4569c-small.png","mediumIconUri":"/15634151517403330091/N56580158-5edc-456a-8f79-2a509f0a169d-medium.png","largeIconUri":"/15634151517403330091/N342bbfb6-f09c-4331-b3b5-e806270744c6-large.png","wideIconUri":"/15634151517403330091/Nc98173c0-8dae-414e-bd54-8f4f17a19283-wide.png"},"connectionReferences":{"a04b54f0-a64d-4d65-88fb-8c27e30f3431":{"id":"0a254dc6-19b1-461f-895e-674cf94fbe38","displayName":"GameCatalog-API","iconUri":"https://az787822.vo.msecnd.net/defaulticons/api-dedicated.png","dataSources":["GameCatalog-API"],"dependencies":[],"dependents":[],"parameterHints":{},"parameterHintsV2":{},"isOnPremiseConnection":false,"bypassConsent":false,"dataSets":{},"apiTier":"Standard","isCustomApiConnection":true,"actions":["GET-GAMEs","PUT-GAME"]}},"databaseReferences":{},"almMode":"Environment","performanceOptimizationEnabled":true,"canConsumeAppPass":true,"enableModernRuntimeMode":false,"executionRestrictions":{"isTeamsOnly":false,"dataLossPreventionEvaluationResult":{"status":"Compliant","lastEvaluationDate":"2022-10-09T19:13:45.6177419Z","violations":[],"violationsByPolicy":[],"violationErrorMessage":"L'app usa i connettori seguenti: ."}}},"appType":"ClassicCanvasApp","appComponents":[]}}